{
  "duration_seconds": 148.91997916666668,
  "bpm": 83.95522388059702,
  "beats": [
    11.754666666666667,
    12.533333333333333,
    13.237333333333334,
    13.962666666666667,
    14.677333333333333,
    15.392,
    16.106666666666666,
    16.82133333333333,
    17.525333333333332,
    18.24,
    18.965333333333334,
    19.68,
    20.384,
    21.098666666666666,
    21.824,
    22.538666666666668,
    23.24266666666667,
    23.957333333333334,
    24.661333333333335,
    25.386666666666667,
    26.101333333333333,
    26.816,
    27.530666666666665,
    28.245333333333335,
    28.949333333333332,
    29.674666666666667,
    30.389333333333333,
    31.104,
    31.818666666666665,
    32.53333333333333,
    33.17333333333333,
    33.962666666666664,
    34.67733333333333,
    35.392,
    36.10666666666667,
    36.81066666666667,
    37.51466666666666,
    38.25066666666667,
    38.965333333333334,
    39.669333333333334,
    40.384,
    41.034666666666666,
    41.81333333333333,
    42.528,
    43.18933333333333,
    43.946666666666665,
    44.672,
    45.35466666666667,
    46.101333333333336,
    46.816,
    47.541333333333334,
    48.245333333333335,
    48.96,
    49.67466666666667,
    50.38933333333333,
    51.104,
    51.818666666666665,
    52.53333333333333,
    53.248,
    53.962666666666664,
    54.67733333333333,
    55.392,
    56.10666666666667,
    56.821333333333335,
    57.525333333333336,
    58.24,
    58.965333333333334,
    59.669333333333334,
    60.394666666666666,
    61.10933333333333,
    61.824,
    62.538666666666664,
    63.242666666666665,
    63.95733333333333,
    64.672,
    65.38666666666667,
    66.10133333333333,
    66.816,
    67.53066666666666,
    68.24533333333333,
    68.96,
    69.67466666666667,
    70.38933333333334,
    71.09333333333333,
    71.78666666666666,
    72.52266666666667,
    73.248,
    73.952,
    74.66666666666667,
    75.37066666666666,
    76.096,
    76.81066666666666,
    77.52533333333334,
    78.24,
    78.95466666666667,
    79.66933333333333,
    80.384,
    81.09866666666667,
    81.81333333333333,
    82.528,
    83.2,
    83.94666666666667,
    84.61866666666667,
    85.376,
    86.10133333333333,
    86.80533333333334,
    87.50933333333333,
    88.21333333333334,
    88.78933333333333,
    89.664,
    90.38933333333334,
    91.09333333333333,
    91.808,
    92.52266666666667,
    93.22666666666667,
    93.94133333333333,
    94.66666666666667,
    95.38133333333333,
    96.096,
    96.81066666666666,
    97.52533333333334,
    98.24,
    98.95466666666667,
    99.66933333333333,
    100.384,
    101.09866666666667,
    101.81333333333333,
    102.528,
    103.24266666666666,
    103.95733333333334,
    104.672,
    105.38666666666667,
    106.10133333333333,
    106.80533333333334,
    107.53066666666666,
    108.23466666666667,
    108.96,
    109.664,
    110.38933333333334,
    111.09333333333333,
    111.808,
    112.52266666666667,
    113.23733333333334,
    113.952,
    114.66666666666667,
    115.37066666666666,
    116.096,
    116.81066666666666,
    117.52533333333334,
    118.24,
    118.95466666666667,
    119.66933333333333,
    120.384,
    121.09866666666667,
    121.81333333333333,
    122.528,
    123.24266666666666,
    123.95733333333334,
    124.672,
    125.376,
    126.13333333333334,
    126.848,
    127.54133333333333,
    128.13866666666667,
    128.832,
    129.61066666666667,
    130.38933333333333,
    131.08266666666665,
    131.81866666666667,
    132.52266666666668
  ],
  "downbeats": [
    11.754666666666667,
    14.677333333333333,
    17.525333333333332,
    20.384,
    23.24266666666667,
    26.101333333333333,
    28.949333333333332,
    31.818666666666665,
    34.67733333333333,
    37.51466666666666,
    40.384,
    43.18933333333333,
    46.101333333333336,
    48.96,
    51.818666666666665,
    54.67733333333333,
    57.525333333333336,
    60.394666666666666,
    63.242666666666665,
    66.10133333333333,
    68.96,
    71.78666666666666,
    74.66666666666667,
    77.52533333333334,
    80.384,
    83.2,
    86.10133333333333,
    88.78933333333333,
    91.808,
    94.66666666666667,
    97.52533333333334,
    100.384,
    103.24266666666666,
    106.10133333333333,
    108.96,
    111.808,
    114.66666666666667,
    117.52533333333334,
    120.384,
    123.24266666666666,
    126.13333333333334,
    128.832,
    131.81866666666667
  ],
  "sections": [
    {
      "type": "intro",
      "start": 0.0,
      "end": 11.68
    },
    {
      "type": "verse",
      "start": 11.68,
      "end": 43.370666666666665
    },
    {
      "type": "chorus",
      "start": 43.370666666666665,
      "end": 69.96266666666666
    },
    {
      "type": "verse",
      "start": 69.96266666666666,
      "end": 99.73333333333333
    },
    {
      "type": "chorus",
      "start": 99.73333333333333,
      "end": 136.49066666666667
    },
    {
      "type": "bridge",
      "start": 136.49066666666667,
      "end": 140.384
    },
    {
      "type": "chorus",
      "start": 140.384,
      "end": 142.48533333333333
    },
    {
      "type": "outro",
      "start": 142.48533333333333,
      "end": 148.91997916666668
    }
  ],
  "tempo_changes": [],
  "analysis_metadata": {
    "sample_rate": 48000,
    "total_beats": 170,
    "total_downbeats": 43
  }
}